{"cameraMode":{"drawMode":0,"name":"Shaded","section":"Shading Mode"},"sceneLighting":true,"audioPlay":false,"sceneViewState":{"m_AlwaysRefresh":false,"showFog":true,"showSkybox":true,"showFlares":true,"showImageEffects":true,"showParticleSystems":true,"showVisualEffectGraphs":true,"m_FxEnabled":true},"in2DMode":false,"pivot":{"x":31.868125915527345,"y":4.678305625915527,"z":42.80842208862305},"rotation":{"x":-0.09302854537963867,"y":-0.41052961349487307,"z":0.04214830696582794,"w":-0.9061099290847778},"size":25.678300857543947,"orthographic":false}